{"PROFILES": [{"PROFILE_CODE":"SMOM_AGENDA_PF","PROFILE_DESC":"SMOM Agenda Main profile","PROFILE_TYPE":"MAIN","PROFILE_CONTENT":"<div class='Profile' style='position: relative;height:100%;width:100%'><div id='concg0006c001' ng-controller ='concg0006c001' ng-keydown='UICGC_1_KEY_DOWN($event)' class='Profile-container' style='top: 75%; height: 25%; left: 0%; width: 100%;'><dircg0006c001 ></dircg0006c001></div><div id='concg0006c002' ng-controller ='concg0006c002' ng-keydown='UICGC_2_KEY_DOWN($event)' class='Profile-container' style='top: 0%; height: 25%; left: 0%; width: 100%;'><dircg0006c002 ></dircg0006c002></div><div id='concg0006c003' ng-controller ='concg0006c003' ng-keydown='UICGC_3_KEY_DOWN($event)' class='Profile-container' style='top: 25%; height: 50%; left: 0%; width: 100%;'><dircg0006c003 ></dircg0006c003></div><div ng-controller ='dpsinit' style='display:None'></div><div  ng-controller ='dpsraise' style='display:None'></div><div ng-controller ='dsinfo' style='display:None'></div><div ng-controller ='actions' style='display:None'></div></div>","PROFILE_UICGCS" : [{ "UICGC_CODE" : "UICGC_1","LEFT" : "0%", "TOP" : "75%", "HEIGHT" : "25%", "WIDTH" : "100%", "CONTROLLER_ID" : "concg0006c001" },{ "UICGC_CODE" : "UICGC_2","LEFT" : "0%", "TOP" : "0%", "HEIGHT" : "25%", "WIDTH" : "100%", "CONTROLLER_ID" : "concg0006c002" },{ "UICGC_CODE" : "UICGC_3","LEFT" : "0%", "TOP" : "25%", "HEIGHT" : "50%", "WIDTH" : "100%", "CONTROLLER_ID" : "concg0006c003" }] }]}