{"PROFILES": [{"PROFILE_CODE":"UICGTP_SMOM_ATTD_ROLE","PROFILE_DESC":"Attendees Role","PROFILE_TYPE":"MAIN","PROFILE_CONTENT":"<div class='Profile' style='position: relative;height:100%;width:100%'><div id='concg0028c003' ng-controller ='concg0028c003' ng-keydown='UICGC_3_KEY_DOWN($event)' class='Profile-container' style='top: 0%; height: 20%; left: 0%; width: 100%;'><dircg0028c003 ></dircg0028c003></div><div id='concg0028c008' ng-controller ='concg0028c008' ng-keydown='UICGC_8_KEY_DOWN($event)' class='Profile-container' style='top: 20%; height: 20%; left: 0%; width: 100%;'><dircg0028c008 ></dircg0028c008></div><div id='concg0028c002' ng-controller ='concg0028c002' ng-keydown='UICGC_2_KEY_DOWN($event)' class='Profile-container' style='top: 40%; height: 20%; left: 0%; width: 50%;'><dircg0028c002 ></dircg0028c002></div><div id='concg0028c001' ng-controller ='concg0028c001' ng-keydown='UICGC_1_KEY_DOWN($event)' class='Profile-container' style='top: 40%; height: 20%; left: 50%; width: 50%;'><dircg0028c001 ></dircg0028c001></div><div id='concg0028c007' ng-controller ='concg0028c007' ng-keydown='UICGC_7_KEY_DOWN($event)' class='Profile-container' style='top: 60%; height: 20%; left: 0%; width: 50%;'><dircg0028c007 ></dircg0028c007></div><div id='concg0028c004' ng-controller ='concg0028c004' ng-keydown='UICGC_4_KEY_DOWN($event)' class='Profile-container' style='top: 60%; height: 20%; left: 50%; width: 50%;'><dircg0028c004 ></dircg0028c004></div><div id='concg0028c006' ng-controller ='concg0028c006' ng-keydown='UICGC_6_KEY_DOWN($event)' class='Profile-container' style='top: 80%; height: 20%; left: 0%; width: 50%;'><dircg0028c006 ></dircg0028c006></div><div id='concg0028c005' ng-controller ='concg0028c005' ng-keydown='UICGC_5_KEY_DOWN($event)' class='Profile-container' style='top: 80%; height: 20%; left: 50%; width: 50%;'><dircg0028c005 ></dircg0028c005></div><div ng-controller ='dpsinit' style='display:None'></div><div  ng-controller ='dpsraise' style='display:None'></div><div ng-controller ='dsinfo' style='display:None'></div><div ng-controller ='actions' style='display:None'></div></div>","PROFILE_UICGCS" : [{ "UICGC_CODE" : "UICGC_3","LEFT" : "0%", "TOP" : "0%", "HEIGHT" : "20%", "WIDTH" : "100%", "CONTROLLER_ID" : "concg0028c003" },{ "UICGC_CODE" : "UICGC_8","LEFT" : "0%", "TOP" : "20%", "HEIGHT" : "20%", "WIDTH" : "100%", "CONTROLLER_ID" : "concg0028c008" },{ "UICGC_CODE" : "UICGC_2","LEFT" : "0%", "TOP" : "40%", "HEIGHT" : "20%", "WIDTH" : "50%", "CONTROLLER_ID" : "concg0028c002" },{ "UICGC_CODE" : "UICGC_1","LEFT" : "50%", "TOP" : "40%", "HEIGHT" : "20%", "WIDTH" : "50%", "CONTROLLER_ID" : "concg0028c001" },{ "UICGC_CODE" : "UICGC_7","LEFT" : "0%", "TOP" : "60%", "HEIGHT" : "20%", "WIDTH" : "50%", "CONTROLLER_ID" : "concg0028c007" },{ "UICGC_CODE" : "UICGC_4","LEFT" : "50%", "TOP" : "60%", "HEIGHT" : "20%", "WIDTH" : "50%", "CONTROLLER_ID" : "concg0028c004" },{ "UICGC_CODE" : "UICGC_6","LEFT" : "0%", "TOP" : "80%", "HEIGHT" : "20%", "WIDTH" : "50%", "CONTROLLER_ID" : "concg0028c006" },{ "UICGC_CODE" : "UICGC_5","LEFT" : "50%", "TOP" : "80%", "HEIGHT" : "20%", "WIDTH" : "50%", "CONTROLLER_ID" : "concg0028c005" }] }]}