{"PROFILES": [{"PROFILE_CODE":"UICGTP_SCH_MEETING","PROFILE_DESC":"Schedule Meeting Profile","PROFILE_TYPE":"MAIN","PROFILE_CONTENT":"<div class='Profile' style='position: relative;height:100%;width:100%'><div id='concg0033c007' ng-controller ='concg0033c007' ng-keydown='UICGC_7_KEY_DOWN($event)' class='Profile-container' style='top: 0%; height: 25%; left: 0%; width: 100%;'><dircg0033c007 ></dircg0033c007></div><div id='concg0033c013' ng-controller ='concg0033c013' ng-keydown='UICGC_13_KEY_DOWN($event)' class='Profile-container' style='top: 25%; height: 25%; left: 0%; width: 100%;'><dircg0033c013 ></dircg0033c013></div><div id='concg0033c006' ng-controller ='concg0033c006' ng-keydown='UICGC_6_KEY_DOWN($event)' class='Profile-container' style='top: 50%; height: 25%; left: 0%; width: 100%;'><dircg0033c006 ></dircg0033c006></div><div id='concg0033c014' ng-controller ='concg0033c014' ng-keydown='UICGC_14_KEY_DOWN($event)' class='Profile-container' style='top: 75%; height: 25%; left: 0%; width: 100%;'><dircg0033c014 ></dircg0033c014></div><div id='concg0033c001' ng-controller ='concg0033c001' ng-keydown='UICGC_1_KEY_DOWN($event)' class='Profile-container' style='display:none;'><dircg0033c001 ></dircg0033c001></div><div id='concg0033c002' ng-controller ='concg0033c002' ng-keydown='UICGC_2_KEY_DOWN($event)' class='Profile-container' style='display:none;'><dircg0033c002 ></dircg0033c002></div><div id='concg0033c003' ng-controller ='concg0033c003' ng-keydown='UICGC_3_KEY_DOWN($event)' class='Profile-container' style='display:none;'><dircg0033c003 ></dircg0033c003></div><div id='concg0033c004' ng-controller ='concg0033c004' ng-keydown='UICGC_4_KEY_DOWN($event)' class='Profile-container' style='display:none;'><dircg0033c004 ></dircg0033c004></div><div id='concg0033c005' ng-controller ='concg0033c005' ng-keydown='UICGC_5_KEY_DOWN($event)' class='Profile-container' style='display:none;'><dircg0033c005 ></dircg0033c005></div><div id='concg0033c008' ng-controller ='concg0033c008' ng-keydown='UICGC_8_KEY_DOWN($event)' class='Profile-container' style='display:none;'><dircg0033c008 ></dircg0033c008></div><div id='concg0033c009' ng-controller ='concg0033c009' ng-keydown='UICGC_9_KEY_DOWN($event)' class='Profile-container' style='display:none;'><dircg0033c009 ></dircg0033c009></div><div id='concg0033c010' ng-controller ='concg0033c010' ng-keydown='UICGC_10_KEY_DOWN($event)' class='Profile-container' style='display:none;'><dircg0033c010 ></dircg0033c010></div><div id='concg0033c011' ng-controller ='concg0033c011' ng-keydown='UICGC_11_KEY_DOWN($event)' class='Profile-container' style='display:none;'><dircg0033c011 ></dircg0033c011></div><div id='concg0033c012' ng-controller ='concg0033c012' ng-keydown='UICGC_12_KEY_DOWN($event)' class='Profile-container' style='display:none;'><dircg0033c012 ></dircg0033c012></div><div ng-controller ='dpsinit' style='display:None'></div><div  ng-controller ='dpsraise' style='display:None'></div><div ng-controller ='dsinfo' style='display:None'></div><div ng-controller ='actions' style='display:None'></div></div>","PROFILE_UICGCS" : [{ "UICGC_CODE" : "UICGC_7","LEFT" : "0%", "TOP" : "0%", "HEIGHT" : "25%", "WIDTH" : "100%", "CONTROLLER_ID" : "concg0033c007" },{ "UICGC_CODE" : "UICGC_13","LEFT" : "0%", "TOP" : "25%", "HEIGHT" : "25%", "WIDTH" : "100%", "CONTROLLER_ID" : "concg0033c013" },{ "UICGC_CODE" : "UICGC_6","LEFT" : "0%", "TOP" : "50%", "HEIGHT" : "25%", "WIDTH" : "100%", "CONTROLLER_ID" : "concg0033c006" },{ "UICGC_CODE" : "UICGC_14","LEFT" : "0%", "TOP" : "75%", "HEIGHT" : "25%", "WIDTH" : "100%", "CONTROLLER_ID" : "concg0033c014" }] },{"PROFILE_CODE":"UICGTP_SCH_ATTENDES_DET","PROFILE_DESC":"Attendees Detail Profile","PROFILE_TYPE":"CHILD","PROFILE_CONTENT":"<div class='Profile' style='position: relative;height:100%;width:100%'><div id='concg0033c005' ng-controller ='concg0033c005' ng-keydown='UICGC_5_KEY_DOWN($event)' class='Profile-container' style='top: 0%; height: 50%; left: 0%; width: 50%;'><dircg0033c005 ></dircg0033c005></div><div id='concg0033c002' ng-controller ='concg0033c002' ng-keydown='UICGC_2_KEY_DOWN($event)' class='Profile-container' style='top: 0%; height: 50%; left: 50%; width: 50%;'><dircg0033c002 ></dircg0033c002></div><div id='concg0033c011' ng-controller ='concg0033c011' ng-keydown='UICGC_11_KEY_DOWN($event)' class='Profile-container' style='top: 50%; height: 50%; left: 0%; width: 100%;'><dircg0033c011 ></dircg0033c011></div></div>","PROFILE_UICGCS" : [{ "UICGC_CODE" : "UICGC_5","LEFT" : "0%", "TOP" : "0%", "HEIGHT" : "50%", "WIDTH" : "50%", "CONTROLLER_ID" : "concg0033c005" },{ "UICGC_CODE" : "UICGC_2","LEFT" : "50%", "TOP" : "0%", "HEIGHT" : "50%", "WIDTH" : "50%", "CONTROLLER_ID" : "concg0033c002" },{ "UICGC_CODE" : "UICGC_11","LEFT" : "0%", "TOP" : "50%", "HEIGHT" : "50%", "WIDTH" : "100%", "CONTROLLER_ID" : "concg0033c011" }] },{"PROFILE_CODE":"UICGTP_RESCH_MEET_LOCATION","PROFILE_DESC":"Reschedule Profile","PROFILE_TYPE":"CHILD","PROFILE_CONTENT":"<div class='Profile' style='position: relative;height:100%;width:100%'><div id='concg0033c008' ng-controller ='concg0033c008' ng-keydown='UICGC_8_KEY_DOWN($event)' class='Profile-container' style='top: 0%; height: 25%; left: 0%; width: 100%;'><dircg0033c008 ></dircg0033c008></div><div id='concg0033c012' ng-controller ='concg0033c012' ng-keydown='UICGC_12_KEY_DOWN($event)' class='Profile-container' style='top: 25%; height: 25%; left: 0%; width: 100%;'><dircg0033c012 ></dircg0033c012></div><div id='concg0033c001' ng-controller ='concg0033c001' ng-keydown='UICGC_1_KEY_DOWN($event)' class='Profile-container' style='top: 50%; height: 25%; left: 0%; width: 50%;'><dircg0033c001 ></dircg0033c001></div><div id='concg0033c004' ng-controller ='concg0033c004' ng-keydown='UICGC_4_KEY_DOWN($event)' class='Profile-container' style='top: 50%; height: 25%; left: 50%; width: 50%;'><dircg0033c004 ></dircg0033c004></div><div id='concg0033c009' ng-controller ='concg0033c009' ng-keydown='UICGC_9_KEY_DOWN($event)' class='Profile-container' style='top: 75%; height: 25%; left: 0%; width: 100%;'><dircg0033c009 ></dircg0033c009></div></div>","PROFILE_UICGCS" : [{ "UICGC_CODE" : "UICGC_8","LEFT" : "0%", "TOP" : "0%", "HEIGHT" : "25%", "WIDTH" : "100%", "CONTROLLER_ID" : "concg0033c008" },{ "UICGC_CODE" : "UICGC_12","LEFT" : "0%", "TOP" : "25%", "HEIGHT" : "25%", "WIDTH" : "100%", "CONTROLLER_ID" : "concg0033c012" },{ "UICGC_CODE" : "UICGC_1","LEFT" : "0%", "TOP" : "50%", "HEIGHT" : "25%", "WIDTH" : "50%", "CONTROLLER_ID" : "concg0033c001" },{ "UICGC_CODE" : "UICGC_4","LEFT" : "50%", "TOP" : "50%", "HEIGHT" : "25%", "WIDTH" : "50%", "CONTROLLER_ID" : "concg0033c004" },{ "UICGC_CODE" : "UICGC_9","LEFT" : "0%", "TOP" : "75%", "HEIGHT" : "25%", "WIDTH" : "100%", "CONTROLLER_ID" : "concg0033c009" }] }]}