{"PROFILES": [{"PROFILE_CODE":"UICGTP_SMOM_RECORDER","PROFILE_DESC":"SMO Recorder Profile","PROFILE_TYPE":"MAIN","PROFILE_CONTENT":"<div class='Profile' style='position: relative;height:100%;width:100%'><div id='concg0030c014' ng-controller ='concg0030c014' ng-keydown='UICGC_14_KEY_DOWN($event)' class='Profile-container' style='top: 0%; height: 33.3333%; left: 0%; width: 100%;'><dircg0030c014 ></dircg0030c014></div><div id='concg0030c017' ng-controller ='concg0030c017' ng-keydown='UICGC_17_KEY_DOWN($event)' class='Profile-container' style='top: 33.3333%; height: 33.3333%; left: 0%; width: 100%;'><dircg0030c017 ></dircg0030c017></div><div id='concg0030c005' ng-controller ='concg0030c005' ng-keydown='UICGC_5_KEY_DOWN($event)' class='Profile-container' style='top: 66.6666%; height: 33.3333%; left: 0%; width: 50%;'><dircg0030c005 ></dircg0030c005></div><div id='concg0030c019' ng-controller ='concg0030c019' ng-keydown='UICGC_19_KEY_DOWN($event)' class='Profile-container' style='top: 66.6666%; height: 33.3333%; left: 50%; width: 50%;'><dircg0030c019 ></dircg0030c019></div><div id='concg0030c001' ng-controller ='concg0030c001' ng-keydown='UICGC_1_KEY_DOWN($event)' class='Profile-container' style='display:none;'><dircg0030c001 ></dircg0030c001></div><div id='concg0030c002' ng-controller ='concg0030c002' ng-keydown='UICGC_2_KEY_DOWN($event)' class='Profile-container' style='display:none;'><dircg0030c002 ></dircg0030c002></div><div id='concg0030c003' ng-controller ='concg0030c003' ng-keydown='UICGC_3_KEY_DOWN($event)' class='Profile-container' style='display:none;'><dircg0030c003 context-menu='menu'></dircg0030c003></div><div id='concg0030c004' ng-controller ='concg0030c004' ng-keydown='UICGC_4_KEY_DOWN($event)' class='Profile-container' style='display:none;'><dircg0030c004 ></dircg0030c004></div><div id='concg0030c006' ng-controller ='concg0030c006' ng-keydown='UICGC_6_KEY_DOWN($event)' class='Profile-container' style='display:none;'><dircg0030c006 ></dircg0030c006></div><div id='concg0030c007' ng-controller ='concg0030c007' ng-keydown='UICGC_7_KEY_DOWN($event)' class='Profile-container' style='display:none;'><dircg0030c007 ></dircg0030c007></div><div id='concg0030c008' ng-controller ='concg0030c008' ng-keydown='UICGC_8_KEY_DOWN($event)' class='Profile-container' style='display:none;'><dircg0030c008 ></dircg0030c008></div><div id='concg0030c009' ng-controller ='concg0030c009' ng-keydown='UICGC_9_KEY_DOWN($event)' class='Profile-container' style='display:none;'><dircg0030c009 ></dircg0030c009></div><div id='concg0030c010' ng-controller ='concg0030c010' ng-keydown='UICGC_10_KEY_DOWN($event)' class='Profile-container' style='display:none;'><dircg0030c010 ></dircg0030c010></div><div id='concg0030c011' ng-controller ='concg0030c011' ng-keydown='UICGC_11_KEY_DOWN($event)' class='Profile-container' style='display:none;'><dircg0030c011 ></dircg0030c011></div><div id='concg0030c012' ng-controller ='concg0030c012' ng-keydown='UICGC_12_KEY_DOWN($event)' class='Profile-container' style='display:none;'><dircg0030c012 ></dircg0030c012></div><div id='concg0030c013' ng-controller ='concg0030c013' ng-keydown='UICGC_13_KEY_DOWN($event)' class='Profile-container' style='display:none;'><dircg0030c013 ></dircg0030c013></div><div id='concg0030c015' ng-controller ='concg0030c015' ng-keydown='UICGC_15_KEY_DOWN($event)' class='Profile-container' style='display:none;'><dircg0030c015 ></dircg0030c015></div><div id='concg0030c016' ng-controller ='concg0030c016' ng-keydown='UICGC_16_KEY_DOWN($event)' class='Profile-container' style='display:none;'><dircg0030c016 ></dircg0030c016></div><div id='concg0030c018' ng-controller ='concg0030c018' ng-keydown='UICGC_18_KEY_DOWN($event)' class='Profile-container' style='display:none;'><dircg0030c018 ></dircg0030c018></div><div id='concg0030c021' ng-controller ='concg0030c021' ng-keydown='UICGC_21_KEY_DOWN($event)' class='Profile-container' style='display:none;'><dircg0030c021 ></dircg0030c021></div><div id='concg0030c022' ng-controller ='concg0030c022' ng-keydown='UICGC_22_KEY_DOWN($event)' class='Profile-container' style='display:none;'><dircg0030c022 ></dircg0030c022></div><div id='concg0030c023' ng-controller ='concg0030c023' ng-keydown='UICGC_23_KEY_DOWN($event)' class='Profile-container' style='display:none;'><dircg0030c023 ></dircg0030c023></div><div ng-controller ='dpsinit' style='display:None'></div><div  ng-controller ='dpsraise' style='display:None'></div><div ng-controller ='dsinfo' style='display:None'></div><div ng-controller ='actions' style='display:None'></div></div>","PROFILE_UICGCS" : [{ "UICGC_CODE" : "UICGC_14","LEFT" : "0%", "TOP" : "0%", "HEIGHT" : "33.3333%", "WIDTH" : "100%", "CONTROLLER_ID" : "concg0030c014" },{ "UICGC_CODE" : "UICGC_17","LEFT" : "0%", "TOP" : "33.3333%", "HEIGHT" : "33.3333%", "WIDTH" : "100%", "CONTROLLER_ID" : "concg0030c017" },{ "UICGC_CODE" : "UICGC_5","LEFT" : "0%", "TOP" : "66.6666%", "HEIGHT" : "33.3333%", "WIDTH" : "50%", "CONTROLLER_ID" : "concg0030c005" },{ "UICGC_CODE" : "UICGC_19","LEFT" : "50%", "TOP" : "66.6666%", "HEIGHT" : "33.3333%", "WIDTH" : "50%", "CONTROLLER_ID" : "concg0030c019" }] },{"PROFILE_CODE":"UICGTP_REC_ATNS_ATT","PROFILE_DESC":"Attendees Attendance","PROFILE_TYPE":"CHILD","PROFILE_CONTENT":"<div class='Profile' style='position: relative;height:100%;width:100%'><div id='concg0030c011' ng-controller ='concg0030c011' ng-keydown='UICGC_11_KEY_DOWN($event)' class='Profile-container' style='top: 0%; height: 50%; left: 0%; width: 50%;'><dircg0030c011 ></dircg0030c011></div><div id='concg0030c015' ng-controller ='concg0030c015' ng-keydown='UICGC_15_KEY_DOWN($event)' class='Profile-container' style='top: 50%; height: 50%; left: 0%; width: 50%;'><dircg0030c015 ></dircg0030c015></div><div id='concg0030c008' ng-controller ='concg0030c008' ng-keydown='UICGC_8_KEY_DOWN($event)' class='Profile-container' style='top: 0%; height: 100%; left: 50%; width: 50%;'><dircg0030c008 ></dircg0030c008></div></div>","PROFILE_UICGCS" : [{ "UICGC_CODE" : "UICGC_11","LEFT" : "0%", "TOP" : "0%", "HEIGHT" : "50%", "WIDTH" : "50%", "CONTROLLER_ID" : "concg0030c011" },{ "UICGC_CODE" : "UICGC_15","LEFT" : "0%", "TOP" : "50%", "HEIGHT" : "50%", "WIDTH" : "50%", "CONTROLLER_ID" : "concg0030c015" },{ "UICGC_CODE" : "UICGC_8","LEFT" : "50%", "TOP" : "0%", "HEIGHT" : "100%", "WIDTH" : "50%", "CONTROLLER_ID" : "concg0030c008" }] },{"PROFILE_CODE":"UICGTP_REC_RESP_ITM_CMT","PROFILE_DESC":"Response Item Comment","PROFILE_TYPE":"CHILD","PROFILE_CONTENT":"<div class='Profile' style='position: relative;height:100%;width:100%'><div id='concg0030c010' ng-controller ='concg0030c010' ng-keydown='UICGC_10_KEY_DOWN($event)' class='Profile-container' style='top: 0%; height: 33.3333%; left: 0%; width: 33.3333%;'><dircg0030c010 ></dircg0030c010></div><div id='concg0030c006' ng-controller ='concg0030c006' ng-keydown='UICGC_6_KEY_DOWN($event)' class='Profile-container' style='top: 0%; height: 33.3333%; left: 33.3333%; width: 33.3333%;'><dircg0030c006 ></dircg0030c006></div><div id='concg0030c003' ng-controller ='concg0030c003' ng-keydown='UICGC_3_KEY_DOWN($event)' class='Profile-container' style='top: 33.3333%; height: 33.3333%; left: 0%; width: 33.3333%;'><dircg0030c003 context-menu='menu'></dircg0030c003></div><div id='concg0030c016' ng-controller ='concg0030c016' ng-keydown='UICGC_16_KEY_DOWN($event)' class='Profile-container' style='top: 66.6666%; height: 33.3333%; left: 0%; width: 33.3333%;'><dircg0030c016 ></dircg0030c016></div><div id='concg0030c021' ng-controller ='concg0030c021' ng-keydown='UICGC_21_KEY_DOWN($event)' class='Profile-container' style='top: 33.3333%; height: 66.6666%; left: 33.3333%; width: 33.3333%;'><dircg0030c021 ></dircg0030c021></div><div id='concg0030c002' ng-controller ='concg0030c002' ng-keydown='UICGC_2_KEY_DOWN($event)' class='Profile-container' style='top: 0%; height: 99.9999%; left: 66.6666%; width: 33.3333%;'><dircg0030c002 ></dircg0030c002></div></div>","PROFILE_UICGCS" : [{ "UICGC_CODE" : "UICGC_10","LEFT" : "0%", "TOP" : "0%", "HEIGHT" : "33.3333%", "WIDTH" : "33.3333%", "CONTROLLER_ID" : "concg0030c010" },{ "UICGC_CODE" : "UICGC_6","LEFT" : "33.3333%", "TOP" : "0%", "HEIGHT" : "33.3333%", "WIDTH" : "33.3333%", "CONTROLLER_ID" : "concg0030c006" },{ "UICGC_CODE" : "UICGC_3","LEFT" : "0%", "TOP" : "33.3333%", "HEIGHT" : "33.3333%", "WIDTH" : "33.3333%", "CONTROLLER_ID" : "concg0030c003" },{ "UICGC_CODE" : "UICGC_16","LEFT" : "0%", "TOP" : "66.6666%", "HEIGHT" : "33.3333%", "WIDTH" : "33.3333%", "CONTROLLER_ID" : "concg0030c016" },{ "UICGC_CODE" : "UICGC_21","LEFT" : "33.3333%", "TOP" : "33.3333%", "HEIGHT" : "66.6666%", "WIDTH" : "33.3333%", "CONTROLLER_ID" : "concg0030c021" },{ "UICGC_CODE" : "UICGC_2","LEFT" : "66.6666%", "TOP" : "0%", "HEIGHT" : "99.9999%", "WIDTH" : "33.3333%", "CONTROLLER_ID" : "concg0030c002" }] },{"PROFILE_CODE":"UICGTP_REC_AGENDA_STATUS","PROFILE_DESC":"Agenda Status","PROFILE_TYPE":"CHILD","PROFILE_CONTENT":"<div class='Profile' style='position: relative;height:100%;width:100%'><div id='concg0030c013' ng-controller ='concg0030c013' ng-keydown='UICGC_13_KEY_DOWN($event)' class='Profile-container' style='top: 0%; height: 33.3333%; left: 0%; width: 100%;'><dircg0030c013 ></dircg0030c013></div><div id='concg0030c007' ng-controller ='concg0030c007' ng-keydown='UICGC_7_KEY_DOWN($event)' class='Profile-container' style='top: 33.3333%; height: 33.3333%; left: 0%; width: 50%;'><dircg0030c007 ></dircg0030c007></div><div id='concg0030c004' ng-controller ='concg0030c004' ng-keydown='UICGC_4_KEY_DOWN($event)' class='Profile-container' style='top: 33.3333%; height: 33.3333%; left: 50%; width: 50%;'><dircg0030c004 ></dircg0030c004></div><div id='concg0030c022' ng-controller ='concg0030c022' ng-keydown='UICGC_22_KEY_DOWN($event)' class='Profile-container' style='top: 66.6666%; height: 33.3333%; left: 0%; width: 100%;'><dircg0030c022 ></dircg0030c022></div></div>","PROFILE_UICGCS" : [{ "UICGC_CODE" : "UICGC_13","LEFT" : "0%", "TOP" : "0%", "HEIGHT" : "33.3333%", "WIDTH" : "100%", "CONTROLLER_ID" : "concg0030c013" },{ "UICGC_CODE" : "UICGC_7","LEFT" : "0%", "TOP" : "33.3333%", "HEIGHT" : "33.3333%", "WIDTH" : "50%", "CONTROLLER_ID" : "concg0030c007" },{ "UICGC_CODE" : "UICGC_4","LEFT" : "50%", "TOP" : "33.3333%", "HEIGHT" : "33.3333%", "WIDTH" : "50%", "CONTROLLER_ID" : "concg0030c004" },{ "UICGC_CODE" : "UICGC_22","LEFT" : "0%", "TOP" : "66.6666%", "HEIGHT" : "33.3333%", "WIDTH" : "100%", "CONTROLLER_ID" : "concg0030c022" }] }]}