{"PROFILES": [{"PROFILE_CODE":"UICGTP_SMO_AGENDA_ITEM","PROFILE_DESC":"Agenda Items","PROFILE_TYPE":"MAIN","PROFILE_CONTENT":"<div class='Profile' style='position: relative;height:100%;width:100%'><div id='concg0027c005' ng-controller ='concg0027c005' ng-keydown='UICGC_5_KEY_DOWN($event)' class='Profile-container' style='top: 0%; height: 25%; left: 0%; width: 50%;'><dircg0027c005 ></dircg0027c005></div><div id='concg0027c007' ng-controller ='concg0027c007' ng-keydown='UICGC_7_KEY_DOWN($event)' class='Profile-container' style='top: 25%; height: 25%; left: 0%; width: 50%;'><dircg0027c007 ></dircg0027c007></div><div id='concg0027c002' ng-controller ='concg0027c002' ng-keydown='UICGC_2_KEY_DOWN($event)' class='Profile-container' style='top: 50%; height: 25%; left: 0%; width: 50%;'><dircg0027c002 context-menu='menu'></dircg0027c002></div><div id='concg0027c008' ng-controller ='concg0027c008' ng-keydown='UICGC_8_KEY_DOWN($event)' class='Profile-container' style='top: 75%; height: 25%; left: 0%; width: 50%;'><dircg0027c008 ></dircg0027c008></div><div id='concg0027c001' ng-controller ='concg0027c001' ng-keydown='UICGC_1_KEY_DOWN($event)' class='Profile-container' style='top: 0%; height: 100%; left: 50%; width: 50%;'><dircg0027c001 ></dircg0027c001></div><div id='concg0027c009' ng-controller ='concg0027c009' ng-keydown='UICGC_9_KEY_DOWN($event)' class='Profile-container' style='display:none;'><dircg0027c009 ></dircg0027c009></div><div id='concg0027c010' ng-controller ='concg0027c010' ng-keydown='UICGC_10_KEY_DOWN($event)' class='Profile-container' style='display:none;'><dircg0027c010 ></dircg0027c010></div><div ng-controller ='dpsinit' style='display:None'></div><div  ng-controller ='dpsraise' style='display:None'></div><div ng-controller ='dsinfo' style='display:None'></div><div ng-controller ='actions' style='display:None'></div></div>","PROFILE_UICGCS" : [{ "UICGC_CODE" : "UICGC_5","LEFT" : "0%", "TOP" : "0%", "HEIGHT" : "25%", "WIDTH" : "50%", "CONTROLLER_ID" : "concg0027c005" },{ "UICGC_CODE" : "UICGC_7","LEFT" : "0%", "TOP" : "25%", "HEIGHT" : "25%", "WIDTH" : "50%", "CONTROLLER_ID" : "concg0027c007" },{ "UICGC_CODE" : "UICGC_2","LEFT" : "0%", "TOP" : "50%", "HEIGHT" : "25%", "WIDTH" : "50%", "CONTROLLER_ID" : "concg0027c002" },{ "UICGC_CODE" : "UICGC_8","LEFT" : "0%", "TOP" : "75%", "HEIGHT" : "25%", "WIDTH" : "50%", "CONTROLLER_ID" : "concg0027c008" },{ "UICGC_CODE" : "UICGC_1","LEFT" : "50%", "TOP" : "0%", "HEIGHT" : "100%", "WIDTH" : "50%", "CONTROLLER_ID" : "concg0027c001" }] }]}