{"PROFILES": [{"PROFILE_CODE":"UICGTP_SMOM_MS_PF","PROFILE_DESC":"Master System Profile","PROFILE_TYPE":"MAIN","PROFILE_CONTENT":"<div class='Profile' style='position: relative;height:100%;width:100%'><div id='concg0036c002' ng-controller ='concg0036c002' ng-keydown='UICGC_2_KEY_DOWN($event)' class='Profile-container' style='top: 0%; height: 33.3333%; left: 0%; width: 100%;'><dircg0036c002 ></dircg0036c002></div><div id='concg0036c001' ng-controller ='concg0036c001' ng-keydown='UICGC_1_KEY_DOWN($event)' class='Profile-container' style='top: 33.3333%; height: 33.3333%; left: 0%; width: 100%;'><dircg0036c001 ></dircg0036c001></div><div id='concg0036c003' ng-controller ='concg0036c003' ng-keydown='UICGC_3_KEY_DOWN($event)' class='Profile-container' style='top: 66.6666%; height: 33.3333%; left: 0%; width: 100%;'><dircg0036c003 ></dircg0036c003></div><div ng-controller ='dpsinit' style='display:None'></div><div  ng-controller ='dpsraise' style='display:None'></div><div ng-controller ='dsinfo' style='display:None'></div><div ng-controller ='actions' style='display:None'></div></div>","PROFILE_UICGCS" : [{ "UICGC_CODE" : "UICGC_2","LEFT" : "0%", "TOP" : "0%", "HEIGHT" : "33.3333%", "WIDTH" : "100%", "CONTROLLER_ID" : "concg0036c002" },{ "UICGC_CODE" : "UICGC_1","LEFT" : "0%", "TOP" : "33.3333%", "HEIGHT" : "33.3333%", "WIDTH" : "100%", "CONTROLLER_ID" : "concg0036c001" },{ "UICGC_CODE" : "UICGC_3","LEFT" : "0%", "TOP" : "66.6666%", "HEIGHT" : "33.3333%", "WIDTH" : "100%", "CONTROLLER_ID" : "concg0036c003" }] }]}