{"PROFILES": [{"PROFILE_CODE":"UICGTP_SMO_CURRENT_MEETING","PROFILE_DESC":"SMO Current Meeting","PROFILE_TYPE":"MAIN","PROFILE_CONTENT":"<div class='Profile' style='position: relative;height:100%;width:100%'><div id='concg0032c005' ng-controller ='concg0032c005' ng-keydown='UICGC_5_KEY_DOWN($event)' class='Profile-container' style='top: 28.5714%; height: 71.4285%; left: 0%; width: 100%;'><dircg0032c005 ></dircg0032c005></div><div id='concg0032c010' ng-controller ='concg0032c010' ng-keydown='UICGC_10_KEY_DOWN($event)' class='Profile-container' style='top: 0%; height: 20%; left: 0%; width: 100%;'><dircg0032c010 ></dircg0032c010></div><div id='concg0032c016' ng-controller ='concg0032c016' ng-keydown='UICGC_16_KEY_DOWN($event)' class='Profile-container' style='top: 20%; height: 20%; left: 0%; width: 100%;'><dircg0032c016 ></dircg0032c016></div><div id='concg0032c001' ng-controller ='concg0032c001' ng-keydown='UICGC_1_KEY_DOWN($event)' class='Profile-container' style='display:none;'><dircg0032c001 ></dircg0032c001></div><div id='concg0032c002' ng-controller ='concg0032c002' ng-keydown='UICGC_2_KEY_DOWN($event)' class='Profile-container' style='display:none;'><dircg0032c002 ></dircg0032c002></div><div id='concg0032c003' ng-controller ='concg0032c003' ng-keydown='UICGC_3_KEY_DOWN($event)' class='Profile-container' style='display:none;'><dircg0032c003 context-menu='menu'></dircg0032c003></div><div id='concg0032c004' ng-controller ='concg0032c004' ng-keydown='UICGC_4_KEY_DOWN($event)' class='Profile-container' style='display:none;'><dircg0032c004 ></dircg0032c004></div><div id='concg0032c006' ng-controller ='concg0032c006' ng-keydown='UICGC_6_KEY_DOWN($event)' class='Profile-container' style='display:none;'><dircg0032c006 ></dircg0032c006></div><div id='concg0032c007' ng-controller ='concg0032c007' ng-keydown='UICGC_7_KEY_DOWN($event)' class='Profile-container' style='display:none;'><dircg0032c007 ></dircg0032c007></div><div id='concg0032c008' ng-controller ='concg0032c008' ng-keydown='UICGC_8_KEY_DOWN($event)' class='Profile-container' style='display:none;'><dircg0032c008 ></dircg0032c008></div><div id='concg0032c009' ng-controller ='concg0032c009' ng-keydown='UICGC_9_KEY_DOWN($event)' class='Profile-container' style='display:none;'><dircg0032c009 ></dircg0032c009></div><div id='concg0032c011' ng-controller ='concg0032c011' ng-keydown='UICGC_11_KEY_DOWN($event)' class='Profile-container' style='display:none;'><dircg0032c011 ></dircg0032c011></div><div id='concg0032c012' ng-controller ='concg0032c012' ng-keydown='UICGC_12_KEY_DOWN($event)' class='Profile-container' style='display:none;'><dircg0032c012 ></dircg0032c012></div><div id='concg0032c013' ng-controller ='concg0032c013' ng-keydown='UICGC_13_KEY_DOWN($event)' class='Profile-container' style='display:none;'><dircg0032c013 ></dircg0032c013></div><div id='concg0032c014' ng-controller ='concg0032c014' ng-keydown='UICGC_14_KEY_DOWN($event)' class='Profile-container' style='display:none;'><dircg0032c014 ></dircg0032c014></div><div id='concg0032c015' ng-controller ='concg0032c015' ng-keydown='UICGC_15_KEY_DOWN($event)' class='Profile-container' style='display:none;'><dircg0032c015 ></dircg0032c015></div><div id='concg0032c017' ng-controller ='concg0032c017' ng-keydown='UICGC_17_KEY_DOWN($event)' class='Profile-container' style='display:none;'><dircg0032c017 ></dircg0032c017></div><div id='concg0032c018' ng-controller ='concg0032c018' ng-keydown='UICGC_18_KEY_DOWN($event)' class='Profile-container' style='display:none;'><dircg0032c018 ></dircg0032c018></div><div ng-controller ='dpsinit' style='display:None'></div><div  ng-controller ='dpsraise' style='display:None'></div><div ng-controller ='dsinfo' style='display:None'></div><div ng-controller ='actions' style='display:None'></div></div>","PROFILE_UICGCS" : [{ "UICGC_CODE" : "UICGC_5","LEFT" : "0%", "TOP" : "28.5714%", "HEIGHT" : "71.4285%", "WIDTH" : "100%", "CONTROLLER_ID" : "concg0032c005" },{ "UICGC_CODE" : "UICGC_10","LEFT" : "0%", "TOP" : "0%", "HEIGHT" : "20%", "WIDTH" : "100%", "CONTROLLER_ID" : "concg0032c010" },{ "UICGC_CODE" : "UICGC_16","LEFT" : "0%", "TOP" : "20%", "HEIGHT" : "20%", "WIDTH" : "100%", "CONTROLLER_ID" : "concg0032c016" }] },{"PROFILE_CODE":"UICGTP_SMO_CRT_MEET_ALTERNATIVE","PROFILE_DESC":"Responses for Delegate","PROFILE_TYPE":"CHILD","PROFILE_CONTENT":"<div class='Profile' style='position: relative;height:100%;width:100%'><div id='concg0032c011' ng-controller ='concg0032c011' ng-keydown='UICGC_11_KEY_DOWN($event)' class='Profile-container' style='top: 87.5%; height: 12.5%; left: 0%; width: 50%;'><dircg0032c011 ></dircg0032c011></div><div id='concg0032c009' ng-controller ='concg0032c009' ng-keydown='UICGC_9_KEY_DOWN($event)' class='Profile-container' style='top: 0%; height: 100%; left: 50%; width: 50%;'><dircg0032c009 ></dircg0032c009></div><div id='concg0032c015' ng-controller ='concg0032c015' ng-keydown='UICGC_15_KEY_DOWN($event)' class='Profile-container' style='top: 0%; height: 87.5%; left: 0%; width: 50%;'><dircg0032c015 ></dircg0032c015></div></div>","PROFILE_UICGCS" : [{ "UICGC_CODE" : "UICGC_11","LEFT" : "0%", "TOP" : "87.5%", "HEIGHT" : "12.5%", "WIDTH" : "50%", "CONTROLLER_ID" : "concg0032c011" },{ "UICGC_CODE" : "UICGC_9","LEFT" : "50%", "TOP" : "0%", "HEIGHT" : "100%", "WIDTH" : "50%", "CONTROLLER_ID" : "concg0032c009" },{ "UICGC_CODE" : "UICGC_15","LEFT" : "0%", "TOP" : "0%", "HEIGHT" : "87.5%", "WIDTH" : "50%", "CONTROLLER_ID" : "concg0032c015" }] },{"PROFILE_CODE":"UICGTP_SMO_ADD_RESPONSE","PROFILE_DESC":"Add Response","PROFILE_TYPE":"CHILD","PROFILE_CONTENT":"<div class='Profile' style='position: relative;height:100%;width:100%'><div id='concg0032c001' ng-controller ='concg0032c001' ng-keydown='UICGC_1_KEY_DOWN($event)' class='Profile-container' style='top: 0%; height: 100%; left: 60%; width: 40%;'><dircg0032c001 ></dircg0032c001></div><div id='concg0032c006' ng-controller ='concg0032c006' ng-keydown='UICGC_6_KEY_DOWN($event)' class='Profile-container' style='top: 0%; height: 50%; left: 20%; width: 40%;'><dircg0032c006 ></dircg0032c006></div><div id='concg0032c018' ng-controller ='concg0032c018' ng-keydown='UICGC_18_KEY_DOWN($event)' class='Profile-container' style='top: 50%; height: 50%; left: 20%; width: 40%;'><dircg0032c018 ></dircg0032c018></div><div id='concg0032c004' ng-controller ='concg0032c004' ng-keydown='UICGC_4_KEY_DOWN($event)' class='Profile-container' style='top: 0%; height: 50%; left: 0%; width: 33.3333%;'><dircg0032c004 ></dircg0032c004></div><div id='concg0032c003' ng-controller ='concg0032c003' ng-keydown='UICGC_3_KEY_DOWN($event)' class='Profile-container' style='top: 50%; height: 50%; left: 0%; width: 33.3333%;'><dircg0032c003 context-menu='menu'></dircg0032c003></div></div>","PROFILE_UICGCS" : [{ "UICGC_CODE" : "UICGC_1","LEFT" : "60%", "TOP" : "0%", "HEIGHT" : "100%", "WIDTH" : "40%", "CONTROLLER_ID" : "concg0032c001" },{ "UICGC_CODE" : "UICGC_6","LEFT" : "20%", "TOP" : "0%", "HEIGHT" : "50%", "WIDTH" : "40%", "CONTROLLER_ID" : "concg0032c006" },{ "UICGC_CODE" : "UICGC_18","LEFT" : "20%", "TOP" : "50%", "HEIGHT" : "50%", "WIDTH" : "40%", "CONTROLLER_ID" : "concg0032c018" },{ "UICGC_CODE" : "UICGC_4","LEFT" : "0%", "TOP" : "0%", "HEIGHT" : "50%", "WIDTH" : "33.3333%", "CONTROLLER_ID" : "concg0032c004" },{ "UICGC_CODE" : "UICGC_3","LEFT" : "0%", "TOP" : "50%", "HEIGHT" : "50%", "WIDTH" : "33.3333%", "CONTROLLER_ID" : "concg0032c003" }] }]}