{"PROFILES": [{"PROFILE_CODE":"UICGTP_ORG_SMOM_RECORDER","PROFILE_DESC":"SMOM Organizer Screen SMO Recorder Profile","PROFILE_TYPE":"MAIN","PROFILE_CONTENT":"<div class='Profile' style='position: relative;height:100%;width:100%'><div id='concg0029c021' ng-controller ='concg0029c021' ng-keydown='UICGC_21_KEY_DOWN($event)' class='Profile-container' style='top: 0%; height: 33.3333%; left: 0%; width: 100%;'><dircg0029c021 ></dircg0029c021></div><div id='concg0029c025' ng-controller ='concg0029c025' ng-keydown='UICGC_25_KEY_DOWN($event)' class='Profile-container' style='top: 33.3333%; height: 33.3333%; left: 0%; width: 100%;'><dircg0029c025 ></dircg0029c025></div><div id='concg0029c017' ng-controller ='concg0029c017' ng-keydown='UICGC_17_KEY_DOWN($event)' class='Profile-container' style='top: 66.6666%; height: 33.3333%; left: 0%; width: 50%;'><dircg0029c017 ></dircg0029c017></div><div id='concg0029c022' ng-controller ='concg0029c022' ng-keydown='UICGC_22_KEY_DOWN($event)' class='Profile-container' style='top: 66.6666%; height: 33.3333%; left: 50%; width: 50%;'><dircg0029c022 ></dircg0029c022></div><div id='concg0029c001' ng-controller ='concg0029c001' ng-keydown='UICGC_1_KEY_DOWN($event)' class='Profile-container' style='display:none;'><dircg0029c001 ></dircg0029c001></div><div id='concg0029c002' ng-controller ='concg0029c002' ng-keydown='UICGC_2_KEY_DOWN($event)' class='Profile-container' style='display:none;'><dircg0029c002 ></dircg0029c002></div><div id='concg0029c003' ng-controller ='concg0029c003' ng-keydown='UICGC_3_KEY_DOWN($event)' class='Profile-container' style='display:none;'><dircg0029c003 ></dircg0029c003></div><div id='concg0029c004' ng-controller ='concg0029c004' ng-keydown='UICGC_4_KEY_DOWN($event)' class='Profile-container' style='display:none;'><dircg0029c004 ></dircg0029c004></div><div id='concg0029c005' ng-controller ='concg0029c005' ng-keydown='UICGC_5_KEY_DOWN($event)' class='Profile-container' style='display:none;'><dircg0029c005 context-menu='menu'></dircg0029c005></div><div id='concg0029c014' ng-controller ='concg0029c014' ng-keydown='UICGC_14_KEY_DOWN($event)' class='Profile-container' style='display:none;'><dircg0029c014 ></dircg0029c014></div><div id='concg0029c015' ng-controller ='concg0029c015' ng-keydown='UICGC_15_KEY_DOWN($event)' class='Profile-container' style='display:none;'><dircg0029c015 ></dircg0029c015></div><div id='concg0029c016' ng-controller ='concg0029c016' ng-keydown='UICGC_16_KEY_DOWN($event)' class='Profile-container' style='display:none;'><dircg0029c016 ></dircg0029c016></div><div id='concg0029c018' ng-controller ='concg0029c018' ng-keydown='UICGC_18_KEY_DOWN($event)' class='Profile-container' style='display:none;'><dircg0029c018 ></dircg0029c018></div><div id='concg0029c019' ng-controller ='concg0029c019' ng-keydown='UICGC_19_KEY_DOWN($event)' class='Profile-container' style='display:none;'><dircg0029c019 ></dircg0029c019></div><div id='concg0029c020' ng-controller ='concg0029c020' ng-keydown='UICGC_20_KEY_DOWN($event)' class='Profile-container' style='display:none;'><dircg0029c020 ></dircg0029c020></div><div id='concg0029c024' ng-controller ='concg0029c024' ng-keydown='UICGC_24_KEY_DOWN($event)' class='Profile-container' style='display:none;'><dircg0029c024 ></dircg0029c024></div><div id='concg0029c026' ng-controller ='concg0029c026' ng-keydown='UICGC_26_KEY_DOWN($event)' class='Profile-container' style='display:none;'><dircg0029c026 ></dircg0029c026></div><div id='concg0029c027' ng-controller ='concg0029c027' ng-keydown='UICGC_27_KEY_DOWN($event)' class='Profile-container' style='display:none;'><dircg0029c027 ></dircg0029c027></div><div id='concg0029c028' ng-controller ='concg0029c028' ng-keydown='UICGC_28_KEY_DOWN($event)' class='Profile-container' style='display:none;'><dircg0029c028 ></dircg0029c028></div><div id='concg0029c029' ng-controller ='concg0029c029' ng-keydown='UICGC_29_KEY_DOWN($event)' class='Profile-container' style='display:none;'><dircg0029c029 ></dircg0029c029></div><div id='concg0029c030' ng-controller ='concg0029c030' ng-keydown='UICGC_30_KEY_DOWN($event)' class='Profile-container' style='display:none;'><dircg0029c030 ></dircg0029c030></div><div id='concg0029c031' ng-controller ='concg0029c031' ng-keydown='UICGC_31_KEY_DOWN($event)' class='Profile-container' style='display:none;'><dircg0029c031 ></dircg0029c031></div><div ng-controller ='dpsinit' style='display:None'></div><div  ng-controller ='dpsraise' style='display:None'></div><div ng-controller ='dsinfo' style='display:None'></div><div ng-controller ='actions' style='display:None'></div></div>","PROFILE_UICGCS" : [{ "UICGC_CODE" : "UICGC_21","LEFT" : "0%", "TOP" : "0%", "HEIGHT" : "33.3333%", "WIDTH" : "100%", "CONTROLLER_ID" : "concg0029c021" },{ "UICGC_CODE" : "UICGC_25","LEFT" : "0%", "TOP" : "33.3333%", "HEIGHT" : "33.3333%", "WIDTH" : "100%", "CONTROLLER_ID" : "concg0029c025" },{ "UICGC_CODE" : "UICGC_17","LEFT" : "0%", "TOP" : "66.6666%", "HEIGHT" : "33.3333%", "WIDTH" : "50%", "CONTROLLER_ID" : "concg0029c017" },{ "UICGC_CODE" : "UICGC_22","LEFT" : "50%", "TOP" : "66.6666%", "HEIGHT" : "33.3333%", "WIDTH" : "50%", "CONTROLLER_ID" : "concg0029c022" }] },{"PROFILE_CODE":"UICGTP_ORG_REC_ATNS_ATT","PROFILE_DESC":"SMOM Organizer Screen Attendees Attendance","PROFILE_TYPE":"CHILD","PROFILE_CONTENT":"<div class='Profile' style='position: relative;height:100%;width:100%'><div id='concg0029c031' ng-controller ='concg0029c031' ng-keydown='UICGC_31_KEY_DOWN($event)' class='Profile-container' style='top: 0%; height: 100%; left: 0%; width: 50%;'><dircg0029c031 ></dircg0029c031></div><div id='concg0029c019' ng-controller ='concg0029c019' ng-keydown='UICGC_19_KEY_DOWN($event)' class='Profile-container' style='top: 0%; height: 100%; left: 50%; width: 50%;'><dircg0029c019 ></dircg0029c019></div></div>","PROFILE_UICGCS" : [{ "UICGC_CODE" : "UICGC_31","LEFT" : "0%", "TOP" : "0%", "HEIGHT" : "100%", "WIDTH" : "50%", "CONTROLLER_ID" : "concg0029c031" },{ "UICGC_CODE" : "UICGC_19","LEFT" : "50%", "TOP" : "0%", "HEIGHT" : "100%", "WIDTH" : "50%", "CONTROLLER_ID" : "concg0029c019" }] },{"PROFILE_CODE":"UICGTP_ORG_REC_RESP_ITM_CMT","PROFILE_DESC":"SMOM Organizer Screen Response Item Comment","PROFILE_TYPE":"CHILD","PROFILE_CONTENT":"<div class='Profile' style='position: relative;height:100%;width:100%'><div id='concg0029c015' ng-controller ='concg0029c015' ng-keydown='UICGC_15_KEY_DOWN($event)' class='Profile-container' style='top: 0%; height: 50%; left: 0%; width: 33.3333%;'><dircg0029c015 ></dircg0029c015></div><div id='concg0029c014' ng-controller ='concg0029c014' ng-keydown='UICGC_14_KEY_DOWN($event)' class='Profile-container' style='top: 0%; height: 50%; left: 33.3333%; width: 33.3333%;'><dircg0029c014 ></dircg0029c014></div><div id='concg0029c005' ng-controller ='concg0029c005' ng-keydown='UICGC_5_KEY_DOWN($event)' class='Profile-container' style='top: 50%; height: 50%; left: 0%; width: 33.3333%;'><dircg0029c005 context-menu='menu'></dircg0029c005></div><div id='concg0029c028' ng-controller ='concg0029c028' ng-keydown='UICGC_28_KEY_DOWN($event)' class='Profile-container' style='top: 50%; height: 50%; left: 33.3333%; width: 33.3333%;'><dircg0029c028 ></dircg0029c028></div><div id='concg0029c001' ng-controller ='concg0029c001' ng-keydown='UICGC_1_KEY_DOWN($event)' class='Profile-container' style='top: 0%; height: 100%; left: 66.6666%; width: 33.3333%;'><dircg0029c001 ></dircg0029c001></div></div>","PROFILE_UICGCS" : [{ "UICGC_CODE" : "UICGC_15","LEFT" : "0%", "TOP" : "0%", "HEIGHT" : "50%", "WIDTH" : "33.3333%", "CONTROLLER_ID" : "concg0029c015" },{ "UICGC_CODE" : "UICGC_14","LEFT" : "33.3333%", "TOP" : "0%", "HEIGHT" : "50%", "WIDTH" : "33.3333%", "CONTROLLER_ID" : "concg0029c014" },{ "UICGC_CODE" : "UICGC_5","LEFT" : "0%", "TOP" : "50%", "HEIGHT" : "50%", "WIDTH" : "33.3333%", "CONTROLLER_ID" : "concg0029c005" },{ "UICGC_CODE" : "UICGC_28","LEFT" : "33.3333%", "TOP" : "50%", "HEIGHT" : "50%", "WIDTH" : "33.3333%", "CONTROLLER_ID" : "concg0029c028" },{ "UICGC_CODE" : "UICGC_1","LEFT" : "66.6666%", "TOP" : "0%", "HEIGHT" : "100%", "WIDTH" : "33.3333%", "CONTROLLER_ID" : "concg0029c001" }] },{"PROFILE_CODE":"UICGTP_ORG_REC_AGENDA_STATUS","PROFILE_DESC":"SMOM Organizer Screen Agenda Status","PROFILE_TYPE":"CHILD","PROFILE_CONTENT":"<div class='Profile' style='position: relative;height:100%;width:100%'><div id='concg0029c003' ng-controller ='concg0029c003' ng-keydown='UICGC_3_KEY_DOWN($event)' class='Profile-container' style='top: 0%; height: 33.3333%; left: 0%; width: 100%;'><dircg0029c003 ></dircg0029c003></div><div id='concg0029c018' ng-controller ='concg0029c018' ng-keydown='UICGC_18_KEY_DOWN($event)' class='Profile-container' style='top: 33.3333%; height: 33.3333%; left: 0%; width: 50%;'><dircg0029c018 ></dircg0029c018></div><div id='concg0029c004' ng-controller ='concg0029c004' ng-keydown='UICGC_4_KEY_DOWN($event)' class='Profile-container' style='top: 33.3333%; height: 33.3333%; left: 50%; width: 50%;'><dircg0029c004 ></dircg0029c004></div><div id='concg0029c029' ng-controller ='concg0029c029' ng-keydown='UICGC_29_KEY_DOWN($event)' class='Profile-container' style='top: 66.6666%; height: 33.3333%; left: 0%; width: 100%;'><dircg0029c029 ></dircg0029c029></div></div>","PROFILE_UICGCS" : [{ "UICGC_CODE" : "UICGC_3","LEFT" : "0%", "TOP" : "0%", "HEIGHT" : "33.3333%", "WIDTH" : "100%", "CONTROLLER_ID" : "concg0029c003" },{ "UICGC_CODE" : "UICGC_18","LEFT" : "0%", "TOP" : "33.3333%", "HEIGHT" : "33.3333%", "WIDTH" : "50%", "CONTROLLER_ID" : "concg0029c018" },{ "UICGC_CODE" : "UICGC_4","LEFT" : "50%", "TOP" : "33.3333%", "HEIGHT" : "33.3333%", "WIDTH" : "50%", "CONTROLLER_ID" : "concg0029c004" },{ "UICGC_CODE" : "UICGC_29","LEFT" : "0%", "TOP" : "66.6666%", "HEIGHT" : "33.3333%", "WIDTH" : "100%", "CONTROLLER_ID" : "concg0029c029" }] }]}