{"PROFILES": [{"PROFILE_CODE":"UICGTP_SMOM_LOC_ROOM","PROFILE_DESC":"Location And Meeting","PROFILE_TYPE":"MAIN","PROFILE_CONTENT":"<div class='Profile' style='position: relative;height:100%;width:100%'><div id='concg0035c001' ng-controller ='concg0035c001' ng-keydown='UICGC_1_KEY_DOWN($event)' class='Profile-container' style='top: 0%; height: 50%; left: 0%; width: 100%;'><dircg0035c001 ></dircg0035c001></div><div id='concg0035c003' ng-controller ='concg0035c003' ng-keydown='UICGC_3_KEY_DOWN($event)' class='Profile-container' style='top: 14.2857%; height: 85.7142%; left: 50%; width: 50%;'><dircg0035c003 ></dircg0035c003></div><div id='concg0035c002' ng-controller ='concg0035c002' ng-keydown='UICGC_2_KEY_DOWN($event)' class='Profile-container' style='top: 14.2857%; height: 85.7142%; left: 0%; width: 50%;'><dircg0035c002 ></dircg0035c002></div><div ng-controller ='dpsinit' style='display:None'></div><div  ng-controller ='dpsraise' style='display:None'></div><div ng-controller ='dsinfo' style='display:None'></div><div ng-controller ='actions' style='display:None'></div></div>","PROFILE_UICGCS" : [{ "UICGC_CODE" : "UICGC_1","LEFT" : "0%", "TOP" : "0%", "HEIGHT" : "50%", "WIDTH" : "100%", "CONTROLLER_ID" : "concg0035c001" },{ "UICGC_CODE" : "UICGC_3","LEFT" : "50%", "TOP" : "14.2857%", "HEIGHT" : "85.7142%", "WIDTH" : "50%", "CONTROLLER_ID" : "concg0035c003" },{ "UICGC_CODE" : "UICGC_2","LEFT" : "0%", "TOP" : "14.2857%", "HEIGHT" : "85.7142%", "WIDTH" : "50%", "CONTROLLER_ID" : "concg0035c002" }] }]}