{"PROFILES": [{"PROFILE_CODE":"UICGTP_SMOM_ACR_MAIN_PF","PROFILE_DESC":"Archived Meeting","PROFILE_TYPE":"MAIN","PROFILE_CONTENT":"<div class='Profile' style='position: relative;height:100%;width:100%'><div id='concg0037c001' ng-controller ='concg0037c001' ng-keydown='UICGC_1_KEY_DOWN($event)' class='Profile-container' style='top: 25%; height: 62.5%; left: 0%; width: 100%;'><dircg0037c001 ></dircg0037c001></div><div id='concg0037c002' ng-controller ='concg0037c002' ng-keydown='UICGC_2_KEY_DOWN($event)' class='Profile-container' style='top: 0%; height: 25%; left: 0%; width: 100%;'><dircg0037c002 ></dircg0037c002></div><div id='concg0037c003' ng-controller ='concg0037c003' ng-keydown='UICGC_3_KEY_DOWN($event)' class='Profile-container' style='top: 87.5%; height: 12.5%; left: 0%; width: 100%;'><dircg0037c003 ></dircg0037c003></div><div id='concg0037c004' ng-controller ='concg0037c004' ng-keydown='UICGC_4_KEY_DOWN($event)' class='Profile-container' style='display:none;'><dircg0037c004 ></dircg0037c004></div><div ng-controller ='dpsinit' style='display:None'></div><div  ng-controller ='dpsraise' style='display:None'></div><div ng-controller ='dsinfo' style='display:None'></div><div ng-controller ='actions' style='display:None'></div></div>","PROFILE_UICGCS" : [{ "UICGC_CODE" : "UICGC_1","LEFT" : "0%", "TOP" : "25%", "HEIGHT" : "62.5%", "WIDTH" : "100%", "CONTROLLER_ID" : "concg0037c001" },{ "UICGC_CODE" : "UICGC_2","LEFT" : "0%", "TOP" : "0%", "HEIGHT" : "25%", "WIDTH" : "100%", "CONTROLLER_ID" : "concg0037c002" },{ "UICGC_CODE" : "UICGC_3","LEFT" : "0%", "TOP" : "87.5%", "HEIGHT" : "12.5%", "WIDTH" : "100%", "CONTROLLER_ID" : "concg0037c003" }] }]}