{"PROFILES": [{"PROFILE_CODE":"UICGTP_SMOM_CREATE_TEMPLATE","PROFILE_DESC":"Create Template","PROFILE_TYPE":"MAIN","PROFILE_CONTENT":"<div class='Profile' style='position: relative;height:100%;width:100%'><div id='concg0034c005' ng-controller ='concg0034c005' ng-keydown='UICGC_5_KEY_DOWN($event)' class='Profile-container' style='top: 0%; height: 20%; left: 0%; width: 100%;'><dircg0034c005 ></dircg0034c005></div><div id='concg0034c012' ng-controller ='concg0034c012' ng-keydown='UICGC_12_KEY_DOWN($event)' class='Profile-container' style='top: 20%; height: 20%; left: 0%; width: 100%;'><dircg0034c012 ></dircg0034c012></div><div id='concg0034c002' ng-controller ='concg0034c002' ng-keydown='UICGC_2_KEY_DOWN($event)' class='Profile-container' style='top: 40%; height: 20%; left: 0%; width: 100%;'><dircg0034c002 ></dircg0034c002></div><div id='concg0034c007' ng-controller ='concg0034c007' ng-keydown='UICGC_7_KEY_DOWN($event)' class='Profile-container' style='top: 60%; height: 20%; left: 0%; width: 100%;'><dircg0034c007 ></dircg0034c007></div><div id='concg0034c014' ng-controller ='concg0034c014' ng-keydown='UICGC_14_KEY_DOWN($event)' class='Profile-container' style='top: 80%; height: 20%; left: 0%; width: 100%;'><dircg0034c014 ></dircg0034c014></div><div id='concg0034c001' ng-controller ='concg0034c001' ng-keydown='UICGC_1_KEY_DOWN($event)' class='Profile-container' style='display:none;'><dircg0034c001 ></dircg0034c001></div><div id='concg0034c003' ng-controller ='concg0034c003' ng-keydown='UICGC_3_KEY_DOWN($event)' class='Profile-container' style='display:none;'><dircg0034c003 ></dircg0034c003></div><div id='concg0034c004' ng-controller ='concg0034c004' ng-keydown='UICGC_4_KEY_DOWN($event)' class='Profile-container' style='display:none;'><dircg0034c004 ></dircg0034c004></div><div id='concg0034c006' ng-controller ='concg0034c006' ng-keydown='UICGC_6_KEY_DOWN($event)' class='Profile-container' style='display:none;'><dircg0034c006 ></dircg0034c006></div><div id='concg0034c008' ng-controller ='concg0034c008' ng-keydown='UICGC_8_KEY_DOWN($event)' class='Profile-container' style='display:none;'><dircg0034c008 ></dircg0034c008></div><div id='concg0034c009' ng-controller ='concg0034c009' ng-keydown='UICGC_9_KEY_DOWN($event)' class='Profile-container' style='display:none;'><dircg0034c009 ></dircg0034c009></div><div id='concg0034c010' ng-controller ='concg0034c010' ng-keydown='UICGC_10_KEY_DOWN($event)' class='Profile-container' style='display:none;'><dircg0034c010 ></dircg0034c010></div><div id='concg0034c011' ng-controller ='concg0034c011' ng-keydown='UICGC_11_KEY_DOWN($event)' class='Profile-container' style='display:none;'><dircg0034c011 ></dircg0034c011></div><div id='concg0034c013' ng-controller ='concg0034c013' ng-keydown='UICGC_13_KEY_DOWN($event)' class='Profile-container' style='display:none;'><dircg0034c013 ></dircg0034c013></div><div ng-controller ='dpsinit' style='display:None'></div><div  ng-controller ='dpsraise' style='display:None'></div><div ng-controller ='dsinfo' style='display:None'></div><div ng-controller ='actions' style='display:None'></div></div>","PROFILE_UICGCS" : [{ "UICGC_CODE" : "UICGC_5","LEFT" : "0%", "TOP" : "0%", "HEIGHT" : "20%", "WIDTH" : "100%", "CONTROLLER_ID" : "concg0034c005" },{ "UICGC_CODE" : "UICGC_12","LEFT" : "0%", "TOP" : "20%", "HEIGHT" : "20%", "WIDTH" : "100%", "CONTROLLER_ID" : "concg0034c012" },{ "UICGC_CODE" : "UICGC_2","LEFT" : "0%", "TOP" : "40%", "HEIGHT" : "20%", "WIDTH" : "100%", "CONTROLLER_ID" : "concg0034c002" },{ "UICGC_CODE" : "UICGC_7","LEFT" : "0%", "TOP" : "60%", "HEIGHT" : "20%", "WIDTH" : "100%", "CONTROLLER_ID" : "concg0034c007" },{ "UICGC_CODE" : "UICGC_14","LEFT" : "0%", "TOP" : "80%", "HEIGHT" : "20%", "WIDTH" : "100%", "CONTROLLER_ID" : "concg0034c014" }] },{"PROFILE_CODE":"UICGTP_TEMPLATE_AGENDA_ITEMS","PROFILE_DESC":"Agenda Items Screen","PROFILE_TYPE":"CHILD","PROFILE_CONTENT":"<div class='Profile' style='position: relative;height:100%;width:100%'><div id='concg0034c001' ng-controller ='concg0034c001' ng-keydown='UICGC_1_KEY_DOWN($event)' class='Profile-container' style='top: 0%; height: 50%; left: 0%; width: 50%;'><dircg0034c001 ></dircg0034c001></div><div id='concg0034c013' ng-controller ='concg0034c013' ng-keydown='UICGC_13_KEY_DOWN($event)' class='Profile-container' style='top: 0%; height: 50%; left: 50%; width: 50%;'><dircg0034c013 ></dircg0034c013></div><div id='concg0034c003' ng-controller ='concg0034c003' ng-keydown='UICGC_3_KEY_DOWN($event)' class='Profile-container' style='top: 50%; height: 50%; left: 0%; width: 50%;'><dircg0034c003 ></dircg0034c003></div><div id='concg0034c009' ng-controller ='concg0034c009' ng-keydown='UICGC_9_KEY_DOWN($event)' class='Profile-container' style='top: 50%; height: 50%; left: 50%; width: 50%;'><dircg0034c009 ></dircg0034c009></div></div>","PROFILE_UICGCS" : [{ "UICGC_CODE" : "UICGC_1","LEFT" : "0%", "TOP" : "0%", "HEIGHT" : "50%", "WIDTH" : "50%", "CONTROLLER_ID" : "concg0034c001" },{ "UICGC_CODE" : "UICGC_13","LEFT" : "50%", "TOP" : "0%", "HEIGHT" : "50%", "WIDTH" : "50%", "CONTROLLER_ID" : "concg0034c013" },{ "UICGC_CODE" : "UICGC_3","LEFT" : "0%", "TOP" : "50%", "HEIGHT" : "50%", "WIDTH" : "50%", "CONTROLLER_ID" : "concg0034c003" },{ "UICGC_CODE" : "UICGC_9","LEFT" : "50%", "TOP" : "50%", "HEIGHT" : "50%", "WIDTH" : "50%", "CONTROLLER_ID" : "concg0034c009" }] },{"PROFILE_CODE":"UICGTP_SMOM_TEMP_ATTENDEES","PROFILE_DESC":"Template Attendees","PROFILE_TYPE":"CHILD","PROFILE_CONTENT":"<div class='Profile' style='position: relative;height:100%;width:100%'><div id='concg0034c006' ng-controller ='concg0034c006' ng-keydown='UICGC_6_KEY_DOWN($event)' class='Profile-container' style='top: 0%; height: 100%; left: 0%; width: 33.3333%;'><dircg0034c006 ></dircg0034c006></div><div id='concg0034c011' ng-controller ='concg0034c011' ng-keydown='UICGC_11_KEY_DOWN($event)' class='Profile-container' style='top: 0%; height: 100%; left: 33.3333%; width: 33.3333%;'><dircg0034c011 ></dircg0034c011></div><div id='concg0034c004' ng-controller ='concg0034c004' ng-keydown='UICGC_4_KEY_DOWN($event)' class='Profile-container' style='top: 0%; height: 100%; left: 66.6666%; width: 33.3333%;'><dircg0034c004 ></dircg0034c004></div></div>","PROFILE_UICGCS" : [{ "UICGC_CODE" : "UICGC_6","LEFT" : "0%", "TOP" : "0%", "HEIGHT" : "100%", "WIDTH" : "33.3333%", "CONTROLLER_ID" : "concg0034c006" },{ "UICGC_CODE" : "UICGC_11","LEFT" : "33.3333%", "TOP" : "0%", "HEIGHT" : "100%", "WIDTH" : "33.3333%", "CONTROLLER_ID" : "concg0034c011" },{ "UICGC_CODE" : "UICGC_4","LEFT" : "66.6666%", "TOP" : "0%", "HEIGHT" : "100%", "WIDTH" : "33.3333%", "CONTROLLER_ID" : "concg0034c004" }] }]}